number,value,datetime_start,datetime_complete,duration,params_dropout_rate,params_learning_rate,params_weight_decay,user_attrs_best_val_metrics,user_attrs_model_name,user_attrs_train_loss_history,user_attrs_val_loss_history,user_attrs_val_overall_metrics_history,state
0,0.5957446808510638,2026-08-02 15:43:18.037117,2026-08-02 15:43:28.019347,0 days 00:00:09.982230,0.2,0.0013292918943162175,0.0007114476009343421,"{'overall': {'n': 33, 'accuracy': 0.42424242424242425, 'precision': 0.42424242424242425, 'recall': 1.0, 'sensitivity': 1.0, 'specificity': 0.0, 'balanced_accuracy': 0.5, 'f1': 0.5957446808510638, 'confusion_matrix': [[0, 19], [0, 14]], 'auc': 0.5338345864661654, 'roc_curve': {'fpr': [0.0, 0.0, 0.0, 0.10526315789473684, 0.10526315789473684, 0.2631578947368421, 0.2631578947368421, 0.3157894736842105, 0.3157894736842105, 0.47368421052631576, 0.47368421052631576, 0.5789473684210527, 0.5789473684210527, 0.9473684210526315, 0.9473684210526315, 1.0, 1.0], 'tpr': [0.0, 0.07142857142857142, 0.14285714285714285, 0.14285714285714285, 0.2857142857142857, 0.2857142857142857, 0.35714285714285715, 0.35714285714285715, 0.42857142857142855, 0.42857142857142855, 0.5, 0.5, 0.7857142857142857, 0.7857142857142857, 0.8571428571428571, 0.8571428571428571, 1.0]}}, 'India': {'n': 14, 'accuracy': 0.7142857142857143, 'precision': 0.7142857142857143, 'recall': 1.0, 'sensitivity': 1.0, 'specificity': 0.0, 'balanced_accuracy': 0.5, 'f1': 0.8333333333333334, 'confusion_matrix': [[0, 4], [0, 10]], 'auc': 0.525, 'roc_curve': {'fpr': [0.0, 0.0, 0.0, 0.25, 0.25, 0.5, 0.5, 0.75, 0.75, 1.0, 1.0], 'tpr': [0.0, 0.1, 0.2, 0.2, 0.4, 0.4, 0.6, 0.6, 0.9, 0.9, 1.0]}}, 'Italy': {'n': 19, 'accuracy': 0.21052631578947367, 'precision': 0.21052631578947367, 'recall': 1.0, 'sensitivity': 1.0, 'specificity': 0.0, 'balanced_accuracy': 0.5, 'f1': 0.34782608695652173, 'confusion_matrix': [[0, 15], [0, 4]], 'auc': 0.23333333333333334, 'roc_curve': {'fpr': [0.0, 0.06666666666666667, 0.5333333333333333, 0.5333333333333333, 1.0, 1.0], 'tpr': [0.0, 0.0, 0.0, 0.5, 0.5, 1.0]}}}",mobilenet_v3_small_palpebral_v2_clean,"[0.7876963887783076, 0.7426875332333395, 0.7196409125991216, 0.7105044694925775, 0.6803647271844725, 0.674983356567408, 0.657583288009593, 0.6355445317874681, 0.6266563791312919, 0.6206787453581956, 0.600176118462291, 0.6115950152573996, 0.572812140777411, 0.5597288419079307, 0.5794550144909233, 0.5910276474542175, 0.5673242981070714, 0.5458914965193793, 0.5836376271500493, 0.5533130626804781]","[0.8167693217595419, 0.8216621839638912, 0.8277426253665577, 0.8343659910288724, 0.8375776933901238, 0.8294052066224994, 0.8219703616517963, 0.8135790644270001, 0.8067323402924971, 0.7978024157610807, 0.793594808289499, 0.7880704637729761, 0.7873466032924075, 0.7945462537534309, 0.8052337205771244, 0.8113677068190142, 0.8188570990706935, 0.836688428214102, 0.847013300115412, 0.8643144080133149]","[{'accuracy': 0.3939393939393939, 'f1': 0.5652173913043478, 'sensitivity': 0.9285714285714286, 'specificity': 0.0}, {'accuracy': 0.42424242424242425, 'f1': 0.5957446808510638, 'sensitivity': 1.0, 'specificity': 0.0}, {'accuracy': 0.42424242424242425, 'f1': 0.5957446808510638, 'sensitivity': 1.0, 'specificity': 0.0}, {'accuracy': 0.42424242424242425, 'f1': 0.5957446808510638, 'sensitivity': 1.0, 'specificity': 0.0}, {'accuracy': 0.42424242424242425, 'f1': 0.5957446808510638, 'sensitivity': 1.0, 'specificity': 0.0}, {'accuracy': 0.42424242424242425, 'f1': 0.5957446808510638, 'sensitivity': 1.0, 'specificity': 0.0}, {'accuracy': 0.42424242424242425, 'f1': 0.5957446808510638, 'sensitivity': 1.0, 'specificity': 0.0}, {'accuracy': 0.3939393939393939, 'f1': 0.5652173913043478, 'sensitivity': 0.9285714285714286, 'specificity': 0.0}, {'accuracy': 0.3939393939393939, 'f1': 0.5652173913043478, 'sensitivity': 0.9285714285714286, 'specificity': 0.0}, {'accuracy': 0.3939393939393939, 'f1': 0.5652173913043478, 'sensitivity': 0.9285714285714286, 'specificity': 0.0}, {'accuracy': 0.3939393939393939, 'f1': 0.5652173913043478, 'sensitivity': 0.9285714285714286, 'specificity': 0.0}, {'accuracy': 0.3939393939393939, 'f1': 0.5652173913043478, 'sensitivity': 0.9285714285714286, 'specificity': 0.0}, {'accuracy': 0.3939393939393939, 'f1': 0.5652173913043478, 'sensitivity': 0.9285714285714286, 'specificity': 0.0}, {'accuracy': 0.3939393939393939, 'f1': 0.5652173913043478, 'sensitivity': 0.9285714285714286, 'specificity': 0.0}, {'accuracy': 0.3939393939393939, 'f1': 0.5652173913043478, 'sensitivity': 0.9285714285714286, 'specificity': 0.0}, {'accuracy': 0.42424242424242425, 'f1': 0.5957446808510638, 'sensitivity': 1.0, 'specificity': 0.0}, {'accuracy': 0.42424242424242425, 'f1': 0.5957446808510638, 'sensitivity': 1.0, 'specificity': 0.0}, {'accuracy': 0.42424242424242425, 'f1': 0.5957446808510638, 'sensitivity': 1.0, 'specificity': 0.0}, {'accuracy': 0.42424242424242425, 'f1': 0.5957446808510638, 'sensitivity': 1.0, 'specificity': 0.0}, {'accuracy': 0.42424242424242425, 'f1': 0.5957446808510638, 'sensitivity': 1.0, 'specificity': 0.0}]",COMPLETE
1,0.5777777777777777,2026-08-02 15:43:28.019832,2026-08-02 15:43:31.648997,0 days 00:00:03.629165,0.5,0.00029380279387035364,2.9375384576328313e-06,"{'overall': {'n': 33, 'accuracy': 0.42424242424242425, 'precision': 0.41935483870967744, 'recall': 0.9285714285714286, 'sensitivity': 0.9285714285714286, 'specificity': 0.05263157894736842, 'balanced_accuracy': 0.4906015037593985, 'f1': 0.5777777777777777, 'confusion_matrix': [[1, 18], [1, 13]], 'auc': 0.49624060150375937, 'roc_curve': {'fpr': [0.0, 0.05263157894736842, 0.05263157894736842, 0.10526315789473684, 0.10526315789473684, 0.3684210526315789, 0.3684210526315789, 0.5789473684210527, 0.5789473684210527, 0.8947368421052632, 0.8947368421052632, 1.0, 1.0], 'tpr': [0.0, 0.0, 0.14285714285714285, 0.14285714285714285, 0.2857142857142857, 0.2857142857142857, 0.42857142857142855, 0.42857142857142855, 0.7142857142857143, 0.7142857142857143, 0.9285714285714286, 0.9285714285714286, 1.0]}}, 'India': {'n': 14, 'accuracy': 0.7142857142857143, 'precision': 0.7142857142857143, 'recall': 1.0, 'sensitivity': 1.0, 'specificity': 0.0, 'balanced_accuracy': 0.5, 'f1': 0.8333333333333334, 'confusion_matrix': [[0, 4], [0, 10]], 'auc': 0.75, 'roc_curve': {'fpr': [0.0, 0.0, 0.0, 0.25, 0.25, 0.5, 0.5, 1.0], 'tpr': [0.0, 0.1, 0.4, 0.4, 0.6, 0.6, 1.0, 1.0]}}, 'Italy': {'n': 19, 'accuracy': 0.21052631578947367, 'precision': 0.17647058823529413, 'recall': 0.75, 'sensitivity': 0.75, 'specificity': 0.06666666666666667, 'balanced_accuracy': 0.4083333333333333, 'f1': 0.2857142857142857, 'confusion_matrix': [[1, 14], [1, 3]], 'auc': 0.09999999999999998, 'roc_curve': {'fpr': [0.0, 0.06666666666666667, 0.8666666666666667, 0.8666666666666667, 1.0, 1.0], 'tpr': [0.0, 0.0, 0.0, 0.75, 0.75, 1.0]}}}",mobilenet_v3_small_palpebral_v2_clean,"[0.8123709433126134, 0.7966361807671604, 0.763166704714693, 0.7807210068039546, 0.7828872689348183, 0.7724231292080406, 0.7824892879321875, 0.764364233080125]","[0.8127818974581632, 0.8182973861694336, 0.8168899182117346, 0.8203578681656809, 0.8242411541216301, 0.8281350551229535, 0.8278861768317946, 0.8266796848990701]","[{'accuracy': 0.45454545454545453, 'f1': 0.4375, 'sensitivity': 0.5, 'specificity': 0.42105263157894735}, {'accuracy': 0.3939393939393939, 'f1': 0.47368421052631576, 'sensitivity': 0.6428571428571429, 'specificity': 0.21052631578947367}, {'accuracy': 0.42424242424242425, 'f1': 0.5581395348837209, 'sensitivity': 0.8571428571428571, 'specificity': 0.10526315789473684}, {'accuracy': 0.42424242424242425, 'f1': 0.5777777777777777, 'sensitivity': 0.9285714285714286, 'specificity': 0.05263157894736842}, {'accuracy': 0.3939393939393939, 'f1': 0.5652173913043478, 'sensitivity': 0.9285714285714286, 'specificity': 0.0}, {'accuracy': 0.3939393939393939, 'f1': 0.5652173913043478, 'sensitivity': 0.9285714285714286, 'specificity': 0.0}, {'accuracy': 0.3939393939393939, 'f1': 0.5652173913043478, 'sensitivity': 0.9285714285714286, 'specificity': 0.0}, {'accuracy': 0.3939393939393939, 'f1': 0.5652173913043478, 'sensitivity': 0.9285714285714286, 'specificity': 0.0}]",COMPLETE
2,0.6829268292682927,2026-08-02 15:43:31.649305,2026-08-02 15:43:38.454255,0 days 00:00:06.804950,0.5,0.006358358856676255,0.000133112160807369,"{'overall': {'n': 33, 'accuracy': 0.6060606060606061, 'precision': 0.5185185185185185, 'recall': 1.0, 'sensitivity': 1.0, 'specificity': 0.3157894736842105, 'balanced_accuracy': 0.6578947368421053, 'f1': 0.6829268292682927, 'confusion_matrix': [[6, 13], [0, 14]], 'auc': 0.6729323308270676, 'roc_curve': {'fpr': [0.0, 0.0, 0.0, 0.05263157894736842, 0.05263157894736842, 0.2631578947368421, 0.2631578947368421, 0.42105263157894735, 0.42105263157894735, 0.5789473684210527, 0.5789473684210527, 0.631578947368421, 0.631578947368421, 1.0], 'tpr': [0.0, 0.07142857142857142, 0.14285714285714285, 0.14285714285714285, 0.2857142857142857, 0.2857142857142857, 0.5714285714285714, 0.5714285714285714, 0.6428571428571429, 0.6428571428571429, 0.8571428571428571, 0.8571428571428571, 1.0, 1.0]}}, 'India': {'n': 14, 'accuracy': 0.7142857142857143, 'precision': 0.7142857142857143, 'recall': 1.0, 'sensitivity': 1.0, 'specificity': 0.0, 'balanced_accuracy': 0.5, 'f1': 0.8333333333333334, 'confusion_matrix': [[0, 4], [0, 10]], 'auc': 0.475, 'roc_curve': {'fpr': [0.0, 0.0, 0.0, 0.25, 0.25, 0.5, 0.5, 0.75, 0.75, 1.0, 1.0], 'tpr': [0.0, 0.1, 0.2, 0.2, 0.3, 0.3, 0.6, 0.6, 0.8, 0.8, 1.0]}}, 'Italy': {'n': 19, 'accuracy': 0.5263157894736842, 'precision': 0.3076923076923077, 'recall': 1.0, 'sensitivity': 1.0, 'specificity': 0.4, 'balanced_accuracy': 0.7, 'f1': 0.47058823529411764, 'confusion_matrix': [[6, 9], [0, 4]], 'auc': 0.7333333333333334, 'roc_curve': {'fpr': [0.0, 0.0, 0.2, 0.2, 0.3333333333333333, 0.3333333333333333, 0.5333333333333333, 0.5333333333333333, 1.0], 'tpr': [0.0, 0.25, 0.25, 0.5, 0.5, 0.75, 0.75, 1.0, 1.0]}}}",mobilenet_v3_small_palpebral_v2_clean,"[0.7877974778611139, 0.7029536950667172, 0.6485843618973991, 0.591713803493424, 0.6279335756175566, 0.5672523726690684, 0.5559891047856665, 0.5761963863246489, 0.48017156341218004, 0.5022528155749997, 0.5146606742151526, 0.5461067253390685, 0.549892571193493, 0.44858063372555157, 0.5158373569415895]","[0.798070950941606, 0.7963729952320908, 0.782797938043421, 0.7771068269556219, 0.7840743389996615, 0.7800494992371761, 0.7767574732953851, 0.7707525527838505, 0.7742547952767574, 0.7887405572515546, 0.8097821979811697, 0.8562543897917776, 0.913381121375344, 0.9365629427360765, 1.0348739913015654]","[{'accuracy': 0.5757575757575758, 'f1': 0.5625, 'sensitivity': 0.6428571428571429, 'specificity': 0.5263157894736842}, {'accuracy': 0.5454545454545454, 'f1': 0.5161290322580645, 'sensitivity': 0.5714285714285714, 'specificity': 0.5263157894736842}, {'accuracy': 0.6060606060606061, 'f1': 0.6666666666666666, 'sensitivity': 0.9285714285714286, 'specificity': 0.3684210526315789}, {'accuracy': 0.42424242424242425, 'f1': 0.5777777777777777, 'sensitivity': 0.9285714285714286, 'specificity': 0.05263157894736842}, {'accuracy': 0.45454545454545453, 'f1': 0.6086956521739131, 'sensitivity': 1.0, 'specificity': 0.05263157894736842}, {'accuracy': 0.48484848484848486, 'f1': 0.6222222222222222, 'sensitivity': 1.0, 'specificity': 0.10526315789473684}, {'accuracy': 0.5151515151515151, 'f1': 0.6363636363636364, 'sensitivity': 1.0, 'specificity': 0.15789473684210525}, {'accuracy': 0.5757575757575758, 'f1': 0.65, 'sensitivity': 0.9285714285714286, 'specificity': 0.3157894736842105}, {'accuracy': 0.6060606060606061, 'f1': 0.6829268292682927, 'sensitivity': 1.0, 'specificity': 0.3157894736842105}, {'accuracy': 0.48484848484848486, 'f1': 0.6222222222222222, 'sensitivity': 1.0, 'specificity': 0.10526315789473684}, {'accuracy': 0.48484848484848486, 'f1': 0.6222222222222222, 'sensitivity': 1.0, 'specificity': 0.10526315789473684}, {'accuracy': 0.45454545454545453, 'f1': 0.6086956521739131, 'sensitivity': 1.0, 'specificity': 0.05263157894736842}, {'accuracy': 0.42424242424242425, 'f1': 0.5957446808510638, 'sensitivity': 1.0, 'specificity': 0.0}, {'accuracy': 0.42424242424242425, 'f1': 0.5957446808510638, 'sensitivity': 1.0, 'specificity': 0.0}, {'accuracy': 0.42424242424242425, 'f1': 0.5957446808510638, 'sensitivity': 1.0, 'specificity': 0.0}]",COMPLETE
3,0.7222222222222222,2026-08-02 15:43:38.454710,2026-08-02 15:43:48.314997,0 days 00:00:09.860287,0.5,0.03142880890840111,4.335281794951567e-06,"{'overall': {'n': 33, 'accuracy': 0.696969696969697, 'precision': 0.5909090909090909, 'recall': 0.9285714285714286, 'sensitivity': 0.9285714285714286, 'specificity': 0.5263157894736842, 'balanced_accuracy': 0.7274436090225564, 'f1': 0.7222222222222222, 'confusion_matrix': [[10, 9], [1, 13]], 'auc': 0.793233082706767, 'roc_curve': {'fpr': [0.0, 0.0, 0.0, 0.10526315789473684, 0.10526315789473684, 0.15789473684210525, 0.15789473684210525, 0.3684210526315789, 0.3684210526315789, 0.42105263157894735, 0.42105263157894735, 0.631578947368421, 0.631578947368421, 1.0], 'tpr': [0.0, 0.07142857142857142, 0.14285714285714285, 0.14285714285714285, 0.42857142857142855, 0.42857142857142855, 0.7142857142857143, 0.7142857142857143, 0.7857142857142857, 0.7857142857142857, 0.9285714285714286, 0.9285714285714286, 1.0, 1.0]}}, 'India': {'n': 14, 'accuracy': 0.6428571428571429, 'precision': 0.6923076923076923, 'recall': 0.9, 'sensitivity': 0.9, 'specificity': 0.0, 'balanced_accuracy': 0.45, 'f1': 0.782608695652174, 'confusion_matrix': [[0, 4], [1, 9]], 'auc': 0.55, 'roc_curve': {'fpr': [0.0, 0.0, 0.0, 0.25, 0.25, 0.5, 0.5, 0.75, 0.75, 1.0, 1.0], 'tpr': [0.0, 0.1, 0.2, 0.2, 0.5, 0.5, 0.7, 0.7, 0.8, 0.8, 1.0]}}, 'Italy': {'n': 19, 'accuracy': 0.7368421052631579, 'precision': 0.4444444444444444, 'recall': 1.0, 'sensitivity': 1.0, 'specificity': 0.6666666666666666, 'balanced_accuracy': 0.8333333333333333, 'f1': 0.6153846153846154, 'confusion_matrix': [[10, 5], [0, 4]], 'auc': 0.8833333333333334, 'roc_curve': {'fpr': [0.0, 0.06666666666666667, 0.06666666666666667, 0.26666666666666666, 0.26666666666666666, 1.0], 'tpr': [0.0, 0.0, 0.75, 0.75, 1.0, 1.0]}}}",mobilenet_v3_small_palpebral_v2_clean,"[0.9512796694079771, 0.8937584588069789, 0.7021633915553819, 0.7355197048345149, 0.6451888333093252, 0.651023175147985, 0.65785657412169, 0.5132845766496974, 0.7223055129809095, 0.739833219556619, 0.6799745968240776, 0.5821754506092198, 0.5662296213061604, 0.5936234321025823, 0.5351272249063909, 0.6994775170522021, 0.6254296977788407, 0.6341085433959961, 0.7646788520528781, 0.48277902287363217, 0.766969214212026, 0.6009550528810513]","[1.9200179649121834, 1.9648423700621633, 1.6820984103462913, 1.4328769698287502, 1.4201278325283166, 1.1065851919578784, 0.7638823516441114, 0.7313456056695996, 0.8059277751229026, 0.8984037746082653, 0.8382565035964503, 0.834422646146832, 0.6714444864879955, 0.6605707695989897, 0.6521661949880195, 0.6906596729249666, 0.8180627443573691, 1.2002777475299258, 1.1644533041751746, 1.4852011276013923, 1.915163820440119, 2.2791243394215903]","[{'accuracy': 0.5757575757575758, 'f1': 0.0, 'sensitivity': 0.0, 'specificity': 1.0}, {'accuracy': 0.5757575757575758, 'f1': 0.0, 'sensitivity': 0.0, 'specificity': 1.0}, {'accuracy': 0.5757575757575758, 'f1': 0.0, 'sensitivity': 0.0, 'specificity': 1.0}, {'accuracy': 0.5757575757575758, 'f1': 0.0, 'sensitivity': 0.0, 'specificity': 1.0}, {'accuracy': 0.5757575757575758, 'f1': 0.0, 'sensitivity': 0.0, 'specificity': 1.0}, {'accuracy': 0.6060606060606061, 'f1': 0.13333333333333333, 'sensitivity': 0.07142857142857142, 'specificity': 1.0}, {'accuracy': 0.6060606060606061, 'f1': 0.38095238095238093, 'sensitivity': 0.2857142857142857, 'specificity': 0.8421052631578947}, {'accuracy': 0.7272727272727273, 'f1': 0.6896551724137931, 'sensitivity': 0.7142857142857143, 'specificity': 0.7368421052631579}, {'accuracy': 0.6060606060606061, 'f1': 0.6486486486486487, 'sensitivity': 0.8571428571428571, 'specificity': 0.42105263157894735}, {'accuracy': 0.5454545454545454, 'f1': 0.6341463414634146, 'sensitivity': 0.9285714285714286, 'specificity': 0.2631578947368421}, {'accuracy': 0.6060606060606061, 'f1': 0.6666666666666666, 'sensitivity': 0.9285714285714286, 'specificity': 0.3684210526315789}, {'accuracy': 0.5757575757575758, 'f1': 0.65, 'sensitivity': 0.9285714285714286, 'specificity': 0.3157894736842105}, {'accuracy': 0.696969696969697, 'f1': 0.7222222222222222, 'sensitivity': 0.9285714285714286, 'specificity': 0.5263157894736842}, {'accuracy': 0.7272727272727273, 'f1': 0.6666666666666666, 'sensitivity': 0.6428571428571429, 'specificity': 0.7894736842105263}, {'accuracy': 0.6363636363636364, 'f1': 0.6, 'sensitivity': 0.6428571428571429, 'specificity': 0.631578947368421}, {'accuracy': 0.6666666666666666, 'f1': 0.6857142857142857, 'sensitivity': 0.8571428571428571, 'specificity': 0.5263157894736842}, {'accuracy': 0.6060606060606061, 'f1': 0.6666666666666666, 'sensitivity': 0.9285714285714286, 'specificity': 0.3684210526315789}, {'accuracy': 0.45454545454545453, 'f1': 0.6086956521739131, 'sensitivity': 1.0, 'specificity': 0.05263157894736842}, {'accuracy': 0.45454545454545453, 'f1': 0.6086956521739131, 'sensitivity': 1.0, 'specificity': 0.05263157894736842}, {'accuracy': 0.42424242424242425, 'f1': 0.5957446808510638, 'sensitivity': 1.0, 'specificity': 0.0}, {'accuracy': 0.42424242424242425, 'f1': 0.5957446808510638, 'sensitivity': 1.0, 'specificity': 0.0}, {'accuracy': 0.42424242424242425, 'f1': 0.5957446808510638, 'sensitivity': 1.0, 'specificity': 0.0}]",COMPLETE
4,0.6086956521739131,2026-08-02 15:43:48.315338,2026-08-02 15:43:58.074712,0 days 00:00:09.759374,0.2,0.0008179499475211679,3.752055855124284e-05,"{'overall': {'n': 33, 'accuracy': 0.45454545454545453, 'precision': 0.4375, 'recall': 1.0, 'sensitivity': 1.0, 'specificity': 0.05263157894736842, 'balanced_accuracy': 0.5263157894736842, 'f1': 0.6086956521739131, 'confusion_matrix': [[1, 18], [0, 14]], 'auc': 0.7255639097744361, 'roc_curve': {'fpr': [0.0, 0.05263157894736842, 0.05263157894736842, 0.15789473684210525, 0.15789473684210525, 0.2631578947368421, 0.2631578947368421, 0.3684210526315789, 0.3684210526315789, 0.631578947368421, 0.631578947368421, 0.9473684210526315, 0.9473684210526315, 1.0], 'tpr': [0.0, 0.0, 0.2857142857142857, 0.2857142857142857, 0.6428571428571429, 0.6428571428571429, 0.7142857142857143, 0.7142857142857143, 0.7857142857142857, 0.7857142857142857, 0.9285714285714286, 0.9285714285714286, 1.0, 1.0]}}, 'India': {'n': 14, 'accuracy': 0.7142857142857143, 'precision': 0.7142857142857143, 'recall': 1.0, 'sensitivity': 1.0, 'specificity': 0.0, 'balanced_accuracy': 0.5, 'f1': 0.8333333333333334, 'confusion_matrix': [[0, 4], [0, 10]], 'auc': 0.625, 'roc_curve': {'fpr': [0.0, 0.0, 0.0, 0.5, 0.5, 0.75, 0.75, 1.0, 1.0], 'tpr': [0.0, 0.1, 0.4, 0.4, 0.8, 0.8, 0.9, 0.9, 1.0]}}, 'Italy': {'n': 19, 'accuracy': 0.2631578947368421, 'precision': 0.2222222222222222, 'recall': 1.0, 'sensitivity': 1.0, 'specificity': 0.06666666666666667, 'balanced_accuracy': 0.5333333333333333, 'f1': 0.36363636363636365, 'confusion_matrix': [[1, 14], [0, 4]], 'auc': 0.55, 'roc_curve': {'fpr': [0.0, 0.06666666666666667, 0.06666666666666667, 0.26666666666666666, 0.26666666666666666, 0.5333333333333333, 0.5333333333333333, 0.9333333333333333, 0.9333333333333333, 1.0], 'tpr': [0.0, 0.0, 0.25, 0.25, 0.5, 0.5, 0.75, 0.75, 1.0, 1.0]}}}",mobilenet_v3_small_palpebral_v2_clean,"[0.7887875374579272, 0.772730077339324, 0.7495749395414694, 0.7240631169830727, 0.7147618832177673, 0.7136782822230004, 0.7032824044196021, 0.691771868443647, 0.6798673528709159, 0.6565694205018858, 0.6285359148947608, 0.6226580454813724, 0.61198697934877, 0.6151769297407162, 0.6286082749335181, 0.6021999337815291, 0.6053155790891079, 0.5948319395646354, 0.6481427060847251, 0.6112957750724641, 0.5974093351932551, 0.5990077766361616]","[0.8350630962487423, 0.8322211829098788, 0.831931320103732, 0.8340898896708633, 0.8328387701150143, 0.8269769567431826, 0.8196135795477665, 0.8111208171555491, 0.8010887521685977, 0.7926061008915757, 0.784389154477553, 0.7786599180915139, 0.7752235260876742, 0.7727115750312805, 0.7701260610060259, 0.7702208721276486, 0.7738066405961008, 0.7785307945627155, 0.787639218749422, 0.8041732564116969, 0.8252993045431195, 0.8436444907477407]","[{'accuracy': 0.42424242424242425, 'f1': 0.5957446808510638, 'sensitivity': 1.0, 'specificity': 0.0}, {'accuracy': 0.42424242424242425, 'f1': 0.5957446808510638, 'sensitivity': 1.0, 'specificity': 0.0}, {'accuracy': 0.42424242424242425, 'f1': 0.5957446808510638, 'sensitivity': 1.0, 'specificity': 0.0}, {'accuracy': 0.42424242424242425, 'f1': 0.5957446808510638, 'sensitivity': 1.0, 'specificity': 0.0}, {'accuracy': 0.42424242424242425, 'f1': 0.5957446808510638, 'sensitivity': 1.0, 'specificity': 0.0}, {'accuracy': 0.42424242424242425, 'f1': 0.5957446808510638, 'sensitivity': 1.0, 'specificity': 0.0}, {'accuracy': 0.42424242424242425, 'f1': 0.5957446808510638, 'sensitivity': 1.0, 'specificity': 0.0}, {'accuracy': 0.42424242424242425, 'f1': 0.5957446808510638, 'sensitivity': 1.0, 'specificity': 0.0}, {'accuracy': 0.42424242424242425, 'f1': 0.5957446808510638, 'sensitivity': 1.0, 'specificity': 0.0}, {'accuracy': 0.45454545454545453, 'f1': 0.6086956521739131, 'sensitivity': 1.0, 'specificity': 0.05263157894736842}, {'accuracy': 0.45454545454545453, 'f1': 0.6086956521739131, 'sensitivity': 1.0, 'specificity': 0.05263157894736842}, {'accuracy': 0.45454545454545453, 'f1': 0.6086956521739131, 'sensitivity': 1.0, 'specificity': 0.05263157894736842}, {'accuracy': 0.45454545454545453, 'f1': 0.6086956521739131, 'sensitivity': 1.0, 'specificity': 0.05263157894736842}, {'accuracy': 0.45454545454545453, 'f1': 0.6086956521739131, 'sensitivity': 1.0, 'specificity': 0.05263157894736842}, {'accuracy': 0.45454545454545453, 'f1': 0.6086956521739131, 'sensitivity': 1.0, 'specificity': 0.05263157894736842}, {'accuracy': 0.45454545454545453, 'f1': 0.6086956521739131, 'sensitivity': 1.0, 'specificity': 0.05263157894736842}, {'accuracy': 0.45454545454545453, 'f1': 0.6086956521739131, 'sensitivity': 1.0, 'specificity': 0.05263157894736842}, {'accuracy': 0.42424242424242425, 'f1': 0.5957446808510638, 'sensitivity': 1.0, 'specificity': 0.0}, {'accuracy': 0.42424242424242425, 'f1': 0.5957446808510638, 'sensitivity': 1.0, 'specificity': 0.0}, {'accuracy': 0.42424242424242425, 'f1': 0.5957446808510638, 'sensitivity': 1.0, 'specificity': 0.0}, {'accuracy': 0.42424242424242425, 'f1': 0.5957446808510638, 'sensitivity': 1.0, 'specificity': 0.0}, {'accuracy': 0.42424242424242425, 'f1': 0.5957446808510638, 'sensitivity': 1.0, 'specificity': 0.0}]",COMPLETE
5,0.7741935483870968,2026-08-02 15:43:58.075046,2026-08-02 15:44:02.162014,0 days 00:00:04.086968,0.5,0.08088564223049027,1.0422971466648463e-06,"{'overall': {'n': 33, 'accuracy': 0.7878787878787878, 'precision': 0.7058823529411765, 'recall': 0.8571428571428571, 'sensitivity': 0.8571428571428571, 'specificity': 0.7368421052631579, 'balanced_accuracy': 0.7969924812030075, 'f1': 0.7741935483870968, 'confusion_matrix': [[14, 5], [2, 12]], 'auc': 0.8759398496240601, 'roc_curve': {'fpr': [0.0, 0.0, 0.0, 0.05263157894736842, 0.05263157894736842, 0.15789473684210525, 0.15789473684210525, 0.2631578947368421, 0.2631578947368421, 0.3684210526315789, 0.3684210526315789, 1.0], 'tpr': [0.0, 0.07142857142857142, 0.35714285714285715, 0.35714285714285715, 0.42857142857142855, 0.42857142857142855, 0.7857142857142857, 0.7857142857142857, 0.9285714285714286, 0.9285714285714286, 1.0, 1.0]}}, 'India': {'n': 14, 'accuracy': 0.7142857142857143, 'precision': 0.75, 'recall': 0.9, 'sensitivity': 0.9, 'specificity': 0.25, 'balanced_accuracy': 0.575, 'f1': 0.8181818181818182, 'confusion_matrix': [[1, 3], [1, 9]], 'auc': 0.775, 'roc_curve': {'fpr': [0.0, 0.0, 0.0, 0.25, 0.25, 0.75, 0.75, 1.0], 'tpr': [0.0, 0.1, 0.5, 0.5, 0.8, 0.8, 1.0, 1.0]}}, 'Italy': {'n': 19, 'accuracy': 0.8421052631578947, 'precision': 0.6, 'recall': 0.75, 'sensitivity': 0.75, 'specificity': 0.8666666666666667, 'balanced_accuracy': 0.8083333333333333, 'f1': 0.6666666666666666, 'confusion_matrix': [[13, 2], [1, 3]], 'auc': 0.8833333333333334, 'roc_curve': {'fpr': [0.0, 0.0, 0.13333333333333333, 0.13333333333333333, 0.2, 0.2, 1.0], 'tpr': [0.0, 0.25, 0.25, 0.75, 0.75, 1.0, 1.0]}}}",mobilenet_v3_small_palpebral_v2_clean,"[1.3530782911161714, 1.211326060705627, 1.3510158898814624, 1.3268993682419228, 1.5105454219098122, 1.0313658745873053, 1.0538341314192639, 1.0693866634211004, 0.8931736618477777]","[0.5722054134715687, 0.5166171608549176, 0.7915707898862434, 0.7383262966618394, 0.7200718070521499, 0.8850562500231194, 1.6995278127265698, 2.63095439564098, 3.9466518633293384]","[{'accuracy': 0.7575757575757576, 'f1': 0.6, 'sensitivity': 0.42857142857142855, 'specificity': 1.0}, {'accuracy': 0.7878787878787878, 'f1': 0.7741935483870968, 'sensitivity': 0.8571428571428571, 'specificity': 0.7368421052631579}, {'accuracy': 0.6060606060606061, 'f1': 0.6829268292682927, 'sensitivity': 1.0, 'specificity': 0.3157894736842105}, {'accuracy': 0.696969696969697, 'f1': 0.7368421052631579, 'sensitivity': 1.0, 'specificity': 0.47368421052631576}, {'accuracy': 0.6666666666666666, 'f1': 0.6857142857142857, 'sensitivity': 0.8571428571428571, 'specificity': 0.5263157894736842}, {'accuracy': 0.6666666666666666, 'f1': 0.5217391304347826, 'sensitivity': 0.42857142857142855, 'specificity': 0.8421052631578947}, {'accuracy': 0.6060606060606061, 'f1': 0.23529411764705882, 'sensitivity': 0.14285714285714285, 'specificity': 0.9473684210526315}, {'accuracy': 0.5757575757575758, 'f1': 0.0, 'sensitivity': 0.0, 'specificity': 1.0}, {'accuracy': 0.5757575757575758, 'f1': 0.0, 'sensitivity': 0.0, 'specificity': 1.0}]",COMPLETE
6,0.6060606060606061,2026-08-02 15:44:02.162340,2026-08-02 15:44:08.053512,0 days 00:00:05.891172,0.5,0.06392358408103824,1.1547312539151762e-06,"{'overall': {'n': 33, 'accuracy': 0.6060606060606061, 'precision': 0.5263157894736842, 'recall': 0.7142857142857143, 'sensitivity': 0.7142857142857143, 'specificity': 0.5263157894736842, 'balanced_accuracy': 0.6203007518796992, 'f1': 0.6060606060606061, 'confusion_matrix': [[10, 9], [4, 10]], 'auc': 0.5263157894736843, 'roc_curve': {'fpr': [0.0, 0.05263157894736842, 0.10526315789473684, 0.10526315789473684, 0.15789473684210525, 0.15789473684210525, 0.2631578947368421, 0.2631578947368421, 0.3684210526315789, 0.3684210526315789, 0.42105263157894735, 0.42105263157894735, 0.47368421052631576, 0.47368421052631576, 0.631578947368421, 0.631578947368421, 0.7368421052631579, 0.7368421052631579, 0.7894736842105263, 0.7894736842105263, 0.8947368421052632, 0.8947368421052632, 1.0], 'tpr': [0.0, 0.0, 0.0, 0.07142857142857142, 0.07142857142857142, 0.14285714285714285, 0.14285714285714285, 0.21428571428571427, 0.21428571428571427, 0.2857142857142857, 0.2857142857142857, 0.5, 0.5, 0.7142857142857143, 0.7142857142857143, 0.7857142857142857, 0.7857142857142857, 0.8571428571428571, 0.8571428571428571, 0.9285714285714286, 0.9285714285714286, 1.0, 1.0]}}, 'India': {'n': 14, 'accuracy': 0.6428571428571429, 'precision': 0.7777777777777778, 'recall': 0.7, 'sensitivity': 0.7, 'specificity': 0.5, 'balanced_accuracy': 0.6, 'f1': 0.7368421052631579, 'confusion_matrix': [[2, 2], [3, 7]], 'auc': 0.47500000000000003, 'roc_curve': {'fpr': [0.0, 0.25, 0.25, 0.5, 0.5, 1.0, 1.0], 'tpr': [0.0, 0.0, 0.1, 0.1, 0.9, 0.9, 1.0]}}, 'Italy': {'n': 19, 'accuracy': 0.5789473684210527, 'precision': 0.3, 'recall': 0.75, 'sensitivity': 0.75, 'specificity': 0.5333333333333333, 'balanced_accuracy': 0.6416666666666666, 'f1': 0.42857142857142855, 'confusion_matrix': [[8, 7], [1, 3]], 'auc': 0.5833333333333334, 'roc_curve': {'fpr': [0.0, 0.06666666666666667, 0.2, 0.2, 0.4, 0.4, 0.6666666666666666, 0.6666666666666666, 1.0], 'tpr': [0.0, 0.0, 0.0, 0.25, 0.25, 0.75, 0.75, 1.0, 1.0]}}}",mobilenet_v3_small_palpebral_v2_clean,"[0.9200789620544737, 1.0681723143091264, 0.8490027039256317, 1.0970400911293283, 0.8657951232613317, 0.8934268801417572, 1.173399802864782, 0.7724094757970595, 0.8722520529829114, 1.2399542931689331, 1.0084951658122587, 1.0560843178768031, 0.9966024109069874]","[1.532310420816595, 1.382446946519794, 1.485900828332612, 1.4283885016585842, 1.292450720613653, 1.1439732963388616, 1.2609303105961194, 1.3048937970941716, 1.3944277185382266, 1.4297764373548103, 1.609801765644189, 1.7711098410866477, 1.714488564115582]","[{'accuracy': 0.5454545454545454, 'f1': 0.0, 'sensitivity': 0.0, 'specificity': 0.9473684210526315}, {'accuracy': 0.6060606060606061, 'f1': 0.13333333333333333, 'sensitivity': 0.07142857142857142, 'specificity': 1.0}, {'accuracy': 0.5454545454545454, 'f1': 0.11764705882352941, 'sensitivity': 0.07142857142857142, 'specificity': 0.8947368421052632}, {'accuracy': 0.5151515151515151, 'f1': 0.1111111111111111, 'sensitivity': 0.07142857142857142, 'specificity': 0.8421052631578947}, {'accuracy': 0.5151515151515151, 'f1': 0.2, 'sensitivity': 0.14285714285714285, 'specificity': 0.7894736842105263}, {'accuracy': 0.5454545454545454, 'f1': 0.4827586206896552, 'sensitivity': 0.5, 'specificity': 0.5789473684210527}, {'accuracy': 0.45454545454545453, 'f1': 0.5263157894736842, 'sensitivity': 0.7142857142857143, 'specificity': 0.2631578947368421}, {'accuracy': 0.6060606060606061, 'f1': 0.6060606060606061, 'sensitivity': 0.7142857142857143, 'specificity': 0.5263157894736842}, {'accuracy': 0.5151515151515151, 'f1': 0.42857142857142855, 'sensitivity': 0.42857142857142855, 'specificity': 0.5789473684210527}, {'accuracy': 0.5151515151515151, 'f1': 0.42857142857142855, 'sensitivity': 0.42857142857142855, 'specificity': 0.5789473684210527}, {'accuracy': 0.45454545454545453, 'f1': 0.35714285714285715, 'sensitivity': 0.35714285714285715, 'specificity': 0.5263157894736842}, {'accuracy': 0.48484848484848486, 'f1': 0.37037037037037035, 'sensitivity': 0.35714285714285715, 'specificity': 0.5789473684210527}, {'accuracy': 0.48484848484848486, 'f1': 0.37037037037037035, 'sensitivity': 0.35714285714285715, 'specificity': 0.5789473684210527}]",COMPLETE
7,0.6046511627906976,2026-08-02 15:44:08.053903,2026-08-02 15:44:15.629759,0 days 00:00:07.575856,0.5,0.00011137414908293505,2.856026597436451e-05,"{'overall': {'n': 33, 'accuracy': 0.48484848484848486, 'precision': 0.4482758620689655, 'recall': 0.9285714285714286, 'sensitivity': 0.9285714285714286, 'specificity': 0.15789473684210525, 'balanced_accuracy': 0.543233082706767, 'f1': 0.6046511627906976, 'confusion_matrix': [[3, 16], [1, 13]], 'auc': 0.5375939849624061, 'roc_curve': {'fpr': [0.0, 0.05263157894736842, 0.10526315789473684, 0.10526315789473684, 0.15789473684210525, 0.15789473684210525, 0.2631578947368421, 0.2631578947368421, 0.47368421052631576, 0.47368421052631576, 0.631578947368421, 0.631578947368421, 0.6842105263157895, 0.6842105263157895, 0.7368421052631579, 0.7368421052631579, 1.0, 1.0], 'tpr': [0.0, 0.0, 0.0, 0.2857142857142857, 0.2857142857142857, 0.35714285714285715, 0.35714285714285715, 0.42857142857142855, 0.42857142857142855, 0.5, 0.5, 0.6428571428571429, 0.6428571428571429, 0.7142857142857143, 0.7142857142857143, 0.9285714285714286, 0.9285714285714286, 1.0]}}, 'India': {'n': 14, 'accuracy': 0.7142857142857143, 'precision': 0.7142857142857143, 'recall': 1.0, 'sensitivity': 1.0, 'specificity': 0.0, 'balanced_accuracy': 0.5, 'f1': 0.8333333333333334, 'confusion_matrix': [[0, 4], [0, 10]], 'auc': 0.4, 'roc_curve': {'fpr': [0.0, 0.25, 0.25, 0.75, 0.75, 1.0, 1.0], 'tpr': [0.0, 0.0, 0.5, 0.5, 0.6, 0.6, 1.0]}}, 'Italy': {'n': 19, 'accuracy': 0.3157894736842105, 'precision': 0.2, 'recall': 0.75, 'sensitivity': 0.75, 'specificity': 0.2, 'balanced_accuracy': 0.475, 'f1': 0.3157894736842105, 'confusion_matrix': [[3, 12], [1, 3]], 'auc': 0.2833333333333333, 'roc_curve': {'fpr': [0.0, 0.06666666666666667, 0.5333333333333333, 0.5333333333333333, 0.6666666666666666, 0.6666666666666666, 1.0, 1.0], 'tpr': [0.0, 0.0, 0.0, 0.25, 0.25, 0.75, 0.75, 1.0]}}}",mobilenet_v3_small_palpebral_v2_clean,"[0.8125937304749394, 0.8104582835506919, 0.7925636772288392, 0.7970070933664082, 0.8036943310933398, 0.7854264725912485, 0.8047601237202322, 0.7955484137629831, 0.7927790643363599, 0.7971759118781184, 0.7687013393995777, 0.764171423896259, 0.788730103053794, 0.7993980342189207, 0.7803339808192474, 0.7731144526936361, 0.7953963378407308]","[0.8196603258450826, 0.8285342129794034, 0.8352696931723392, 0.8366494684508352, 0.8319198868491433, 0.8232178218436964, 0.8172949949900309, 0.8138544577540774, 0.8113351193341342, 0.8105126474842881, 0.8118944511269078, 0.813417425661376, 0.8151197668277856, 0.8164415160814921, 0.8176147486224319, 0.818604978648099, 0.8202520879832181]","[{'accuracy': 0.42424242424242425, 'f1': 0.5957446808510638, 'sensitivity': 1.0, 'specificity': 0.0}, {'accuracy': 0.42424242424242425, 'f1': 0.5957446808510638, 'sensitivity': 1.0, 'specificity': 0.0}, {'accuracy': 0.42424242424242425, 'f1': 0.5957446808510638, 'sensitivity': 1.0, 'specificity': 0.0}, {'accuracy': 0.42424242424242425, 'f1': 0.5957446808510638, 'sensitivity': 1.0, 'specificity': 0.0}, {'accuracy': 0.42424242424242425, 'f1': 0.5957446808510638, 'sensitivity': 1.0, 'specificity': 0.0}, {'accuracy': 0.42424242424242425, 'f1': 0.5957446808510638, 'sensitivity': 1.0, 'specificity': 0.0}, {'accuracy': 0.42424242424242425, 'f1': 0.5957446808510638, 'sensitivity': 1.0, 'specificity': 0.0}, {'accuracy': 0.42424242424242425, 'f1': 0.5957446808510638, 'sensitivity': 1.0, 'specificity': 0.0}, {'accuracy': 0.3939393939393939, 'f1': 0.5652173913043478, 'sensitivity': 0.9285714285714286, 'specificity': 0.0}, {'accuracy': 0.45454545454545453, 'f1': 0.5909090909090909, 'sensitivity': 0.9285714285714286, 'specificity': 0.10526315789473684}, {'accuracy': 0.48484848484848486, 'f1': 0.6046511627906976, 'sensitivity': 0.9285714285714286, 'specificity': 0.15789473684210525}, {'accuracy': 0.48484848484848486, 'f1': 0.6046511627906976, 'sensitivity': 0.9285714285714286, 'specificity': 0.15789473684210525}, {'accuracy': 0.48484848484848486, 'f1': 0.6046511627906976, 'sensitivity': 0.9285714285714286, 'specificity': 0.15789473684210525}, {'accuracy': 0.48484848484848486, 'f1': 0.6046511627906976, 'sensitivity': 0.9285714285714286, 'specificity': 0.15789473684210525}, {'accuracy': 0.45454545454545453, 'f1': 0.5909090909090909, 'sensitivity': 0.9285714285714286, 'specificity': 0.10526315789473684}, {'accuracy': 0.45454545454545453, 'f1': 0.5909090909090909, 'sensitivity': 0.9285714285714286, 'specificity': 0.10526315789473684}, {'accuracy': 0.42424242424242425, 'f1': 0.5777777777777777, 'sensitivity': 0.9285714285714286, 'specificity': 0.05263157894736842}]",COMPLETE
8,0.7741935483870968,2026-08-02 15:44:15.630055,2026-08-02 15:44:22.812309,0 days 00:00:07.182254,0.2,0.008533716477932937,0.0008842516536201932,"{'overall': {'n': 33, 'accuracy': 0.7878787878787878, 'precision': 0.7058823529411765, 'recall': 0.8571428571428571, 'sensitivity': 0.8571428571428571, 'specificity': 0.7368421052631579, 'balanced_accuracy': 0.7969924812030075, 'f1': 0.7741935483870968, 'confusion_matrix': [[14, 5], [2, 12]], 'auc': 0.7894736842105263, 'roc_curve': {'fpr': [0.0, 0.0, 0.05263157894736842, 0.05263157894736842, 0.10526315789473684, 0.10526315789473684, 0.15789473684210525, 0.15789473684210525, 0.21052631578947367, 0.21052631578947367, 0.2631578947368421, 0.2631578947368421, 0.47368421052631576, 0.47368421052631576, 0.6842105263157895, 0.6842105263157895, 1.0], 'tpr': [0.0, 0.07142857142857142, 0.07142857142857142, 0.2857142857142857, 0.2857142857142857, 0.42857142857142855, 0.42857142857142855, 0.5, 0.5, 0.5714285714285714, 0.5714285714285714, 0.8571428571428571, 0.8571428571428571, 0.9285714285714286, 0.9285714285714286, 1.0, 1.0]}}, 'India': {'n': 14, 'accuracy': 0.7142857142857143, 'precision': 0.8, 'recall': 0.8, 'sensitivity': 0.8, 'specificity': 0.5, 'balanced_accuracy': 0.65, 'f1': 0.8, 'confusion_matrix': [[2, 2], [2, 8]], 'auc': 0.625, 'roc_curve': {'fpr': [0.0, 0.0, 0.0, 0.25, 0.25, 0.5, 0.5, 1.0, 1.0], 'tpr': [0.0, 0.1, 0.4, 0.4, 0.5, 0.5, 0.8, 0.8, 1.0]}}, 'Italy': {'n': 19, 'accuracy': 0.8421052631578947, 'precision': 0.5714285714285714, 'recall': 1.0, 'sensitivity': 1.0, 'specificity': 0.8, 'balanced_accuracy': 0.9, 'f1': 0.7272727272727273, 'confusion_matrix': [[12, 3], [0, 4]], 'auc': 0.8666666666666667, 'roc_curve': {'fpr': [0.0, 0.06666666666666667, 0.06666666666666667, 0.13333333333333333, 0.13333333333333333, 0.2, 0.2, 1.0], 'tpr': [0.0, 0.0, 0.25, 0.25, 0.75, 0.75, 1.0, 1.0]}}}",mobilenet_v3_small_palpebral_v2_clean,"[0.8276506240004735, 0.732254752654903, 0.5636828462809127, 0.623550412670666, 0.5322256889564312, 0.5628715848291157, 0.5408560870499011, 0.5463437185382212, 0.5014741470087443, 0.5170035745134417, 0.51176270743869, 0.41071843883849135, 0.46068569129665954, 0.46648131833960677, 0.45802521389841244, 0.45371457125177445]","[0.8075377435395212, 0.7930397915117668, 0.7673723444794164, 0.7559792236848311, 0.7562994306737726, 0.7296811558983543, 0.6977327971747427, 0.6852240454066884, 0.6848379138744238, 0.6871744069186124, 0.6961597402890524, 0.7203317645824316, 0.772388093399279, 0.8696596297350797, 1.0485148429870605, 1.1347396482120862]","[{'accuracy': 0.5151515151515151, 'f1': 0.5789473684210527, 'sensitivity': 0.7857142857142857, 'specificity': 0.3157894736842105}, {'accuracy': 0.5454545454545454, 'f1': 0.2857142857142857, 'sensitivity': 0.21428571428571427, 'specificity': 0.7894736842105263}, {'accuracy': 0.6363636363636364, 'f1': 0.5384615384615384, 'sensitivity': 0.5, 'specificity': 0.7368421052631579}, {'accuracy': 0.5757575757575758, 'f1': 0.5882352941176471, 'sensitivity': 0.7142857142857143, 'specificity': 0.47368421052631576}, {'accuracy': 0.5454545454545454, 'f1': 0.6511627906976745, 'sensitivity': 1.0, 'specificity': 0.21052631578947367}, {'accuracy': 0.6060606060606061, 'f1': 0.6829268292682927, 'sensitivity': 1.0, 'specificity': 0.3157894736842105}, {'accuracy': 0.7272727272727273, 'f1': 0.7272727272727273, 'sensitivity': 0.8571428571428571, 'specificity': 0.631578947368421}, {'accuracy': 0.7272727272727273, 'f1': 0.6896551724137931, 'sensitivity': 0.7142857142857143, 'specificity': 0.7368421052631579}, {'accuracy': 0.7272727272727273, 'f1': 0.6896551724137931, 'sensitivity': 0.7142857142857143, 'specificity': 0.7368421052631579}, {'accuracy': 0.7878787878787878, 'f1': 0.7741935483870968, 'sensitivity': 0.8571428571428571, 'specificity': 0.7368421052631579}, {'accuracy': 0.6666666666666666, 'f1': 0.7027027027027027, 'sensitivity': 0.9285714285714286, 'specificity': 0.47368421052631576}, {'accuracy': 0.5757575757575758, 'f1': 0.65, 'sensitivity': 0.9285714285714286, 'specificity': 0.3157894736842105}, {'accuracy': 0.5757575757575758, 'f1': 0.6666666666666666, 'sensitivity': 1.0, 'specificity': 0.2631578947368421}, {'accuracy': 0.48484848484848486, 'f1': 0.6222222222222222, 'sensitivity': 1.0, 'specificity': 0.10526315789473684}, {'accuracy': 0.42424242424242425, 'f1': 0.5957446808510638, 'sensitivity': 1.0, 'specificity': 0.0}, {'accuracy': 0.42424242424242425, 'f1': 0.5957446808510638, 'sensitivity': 1.0, 'specificity': 0.0}]",COMPLETE
9,0.7222222222222222,2026-08-02 15:44:22.812656,2026-08-02 15:44:30.425213,0 days 00:00:07.612557,0.5,0.010631680735011315,1.2723208072531627e-05,"{'overall': {'n': 33, 'accuracy': 0.696969696969697, 'precision': 0.5909090909090909, 'recall': 0.9285714285714286, 'sensitivity': 0.9285714285714286, 'specificity': 0.5263157894736842, 'balanced_accuracy': 0.7274436090225564, 'f1': 0.7222222222222222, 'confusion_matrix': [[10, 9], [1, 13]], 'auc': 0.7443609022556391, 'roc_curve': {'fpr': [0.0, 0.0, 0.0, 0.05263157894736842, 0.05263157894736842, 0.10526315789473684, 0.10526315789473684, 0.2631578947368421, 0.2631578947368421, 0.3157894736842105, 0.3157894736842105, 0.8421052631578947, 0.8421052631578947, 1.0], 'tpr': [0.0, 0.07142857142857142, 0.14285714285714285, 0.14285714285714285, 0.21428571428571427, 0.21428571428571427, 0.2857142857142857, 0.2857142857142857, 0.6428571428571429, 0.6428571428571429, 0.9285714285714286, 0.9285714285714286, 1.0, 1.0]}}, 'India': {'n': 14, 'accuracy': 0.6428571428571429, 'precision': 0.6923076923076923, 'recall': 0.9, 'sensitivity': 0.9, 'specificity': 0.0, 'balanced_accuracy': 0.45, 'f1': 0.782608695652174, 'confusion_matrix': [[0, 4], [1, 9]], 'auc': 0.6, 'roc_curve': {'fpr': [0.0, 0.0, 0.0, 0.5, 0.5, 1.0, 1.0], 'tpr': [0.0, 0.1, 0.3, 0.3, 0.9, 0.9, 1.0]}}, 'Italy': {'n': 19, 'accuracy': 0.7368421052631579, 'precision': 0.4444444444444444, 'recall': 1.0, 'sensitivity': 1.0, 'specificity': 0.6666666666666666, 'balanced_accuracy': 0.8333333333333333, 'f1': 0.6153846153846154, 'confusion_matrix': [[10, 5], [0, 4]], 'auc': 0.8000000000000002, 'roc_curve': {'fpr': [0.0, 0.06666666666666667, 0.13333333333333333, 0.13333333333333333, 0.2, 0.2, 0.26666666666666666, 0.26666666666666666, 1.0], 'tpr': [0.0, 0.0, 0.0, 0.25, 0.25, 0.75, 0.75, 1.0, 1.0]}}}",mobilenet_v3_small_palpebral_v2_clean,"[0.7536193006086034, 0.6793501325790455, 0.6319909409576694, 0.5901795227006571, 0.5258559237252798, 0.46678974691605724, 0.5197678228087773, 0.5426616866067545, 0.5112405135142093, 0.45514260913362564, 0.47249018632813006, 0.6133885142818981, 0.552679835960565, 0.48754344929922494, 0.5029320476070934, 0.5636274143560043, 0.5416219025258197]","[0.8019337672175784, 0.8772225416067875, 0.825678409952106, 0.745903340252963, 0.7094485470742891, 0.7154866149931243, 0.7396697889674794, 0.7312142090363936, 0.7081347071763241, 0.704171025391781, 0.723767612919663, 0.7727810975277063, 0.8678445129683523, 0.95623635523247, 0.9632450992410834, 0.9678851022864833, 1.0573048338745579]","[{'accuracy': 0.5757575757575758, 'f1': 0.0, 'sensitivity': 0.0, 'specificity': 1.0}, {'accuracy': 0.5757575757575758, 'f1': 0.0, 'sensitivity': 0.0, 'specificity': 1.0}, {'accuracy': 0.6363636363636364, 'f1': 0.25, 'sensitivity': 0.14285714285714285, 'specificity': 1.0}, {'accuracy': 0.6363636363636364, 'f1': 0.25, 'sensitivity': 0.14285714285714285, 'specificity': 1.0}, {'accuracy': 0.6666666666666666, 'f1': 0.47619047619047616, 'sensitivity': 0.35714285714285715, 'specificity': 0.8947368421052632}, {'accuracy': 0.6666666666666666, 'f1': 0.42105263157894735, 'sensitivity': 0.2857142857142857, 'specificity': 0.9473684210526315}, {'accuracy': 0.6666666666666666, 'f1': 0.42105263157894735, 'sensitivity': 0.2857142857142857, 'specificity': 0.9473684210526315}, {'accuracy': 0.5757575757575758, 'f1': 0.36363636363636365, 'sensitivity': 0.2857142857142857, 'specificity': 0.7894736842105263}, {'accuracy': 0.5454545454545454, 'f1': 0.34782608695652173, 'sensitivity': 0.2857142857142857, 'specificity': 0.7368421052631579}, {'accuracy': 0.696969696969697, 'f1': 0.7058823529411765, 'sensitivity': 0.8571428571428571, 'specificity': 0.5789473684210527}, {'accuracy': 0.696969696969697, 'f1': 0.7222222222222222, 'sensitivity': 0.9285714285714286, 'specificity': 0.5263157894736842}, {'accuracy': 0.6060606060606061, 'f1': 0.6666666666666666, 'sensitivity': 0.9285714285714286, 'specificity': 0.3684210526315789}, {'accuracy': 0.5454545454545454, 'f1': 0.6341463414634146, 'sensitivity': 0.9285714285714286, 'specificity': 0.2631578947368421}, {'accuracy': 0.42424242424242425, 'f1': 0.5777777777777777, 'sensitivity': 0.9285714285714286, 'specificity': 0.05263157894736842}, {'accuracy': 0.42424242424242425, 'f1': 0.5777777777777777, 'sensitivity': 0.9285714285714286, 'specificity': 0.05263157894736842}, {'accuracy': 0.42424242424242425, 'f1': 0.5777777777777777, 'sensitivity': 0.9285714285714286, 'specificity': 0.05263157894736842}, {'accuracy': 0.3939393939393939, 'f1': 0.5652173913043478, 'sensitivity': 0.9285714285714286, 'specificity': 0.0}]",COMPLETE
10,0.6086956521739131,2026-08-02 15:44:30.425510,2026-08-02 15:44:40.059505,0 days 00:00:09.633995,0.2,0.002173586595720061,0.0001537467136904321,"{'overall': {'n': 33, 'accuracy': 0.45454545454545453, 'precision': 0.4375, 'recall': 1.0, 'sensitivity': 1.0, 'specificity': 0.05263157894736842, 'balanced_accuracy': 0.5263157894736842, 'f1': 0.6086956521739131, 'confusion_matrix': [[1, 18], [0, 14]], 'auc': 0.6015037593984963, 'roc_curve': {'fpr': [0.0, 0.0, 0.0, 0.05263157894736842, 0.05263157894736842, 0.2631578947368421, 0.2631578947368421, 0.3684210526315789, 0.3684210526315789, 0.6842105263157895, 0.6842105263157895, 0.8421052631578947, 0.8421052631578947, 0.9473684210526315, 0.9473684210526315, 1.0], 'tpr': [0.0, 0.07142857142857142, 0.2857142857142857, 0.2857142857142857, 0.35714285714285715, 0.35714285714285715, 0.5, 0.5, 0.6428571428571429, 0.6428571428571429, 0.7142857142857143, 0.7142857142857143, 0.8571428571428571, 0.8571428571428571, 1.0, 1.0]}}, 'India': {'n': 14, 'accuracy': 0.7142857142857143, 'precision': 0.7142857142857143, 'recall': 1.0, 'sensitivity': 1.0, 'specificity': 0.0, 'balanced_accuracy': 0.5, 'f1': 0.8333333333333334, 'confusion_matrix': [[0, 4], [0, 10]], 'auc': 0.625, 'roc_curve': {'fpr': [0.0, 0.0, 0.0, 0.25, 0.25, 0.5, 0.5, 0.75, 0.75, 1.0, 1.0], 'tpr': [0.0, 0.1, 0.4, 0.4, 0.6, 0.6, 0.7, 0.7, 0.8, 0.8, 1.0]}}, 'Italy': {'n': 19, 'accuracy': 0.2631578947368421, 'precision': 0.2222222222222222, 'recall': 1.0, 'sensitivity': 1.0, 'specificity': 0.06666666666666667, 'balanced_accuracy': 0.5333333333333333, 'f1': 0.36363636363636365, 'confusion_matrix': [[1, 14], [0, 4]], 'auc': 0.45, 'roc_curve': {'fpr': [0.0, 0.0, 0.3333333333333333, 0.3333333333333333, 0.9333333333333333, 0.9333333333333333, 1.0], 'tpr': [0.0, 0.25, 0.25, 0.5, 0.5, 1.0, 1.0]}}}",mobilenet_v3_small_palpebral_v2_clean,"[0.7849810052391709, 0.7342360161787627, 0.6830100626345502, 0.6743093484284862, 0.6427691626232981, 0.6539991071682103, 0.6209871465007201, 0.6187736830174528, 0.5990575133569983, 0.5626695744249205, 0.5668918934484192, 0.5327243078623386, 0.5553251852262888, 0.5470913636763364, 0.483219368370953, 0.5194525043695968, 0.4960969729928781, 0.5539192067866294, 0.5200752418562277, 0.5289938621568364, 0.5252459578166734, 0.5320389582621341]","[0.7980464985876372, 0.7959225809935367, 0.7945968761588588, 0.7940742247032396, 0.7975504506718029, 0.7949722896922718, 0.789812729214177, 0.7881641857551805, 0.7878868832732692, 0.789644844604261, 0.7971786079984723, 0.8017845966599204, 0.7936282157897949, 0.7878287615198077, 0.7848002007513335, 0.7905231244636305, 0.8093132069616606, 0.8558872016993436, 0.9061719829385931, 0.9928745211976947, 1.0684403144952022, 1.1239124355894146]","[{'accuracy': 0.6363636363636364, 'f1': 0.6, 'sensitivity': 0.6428571428571429, 'specificity': 0.631578947368421}, {'accuracy': 0.5454545454545454, 'f1': 0.5714285714285714, 'sensitivity': 0.7142857142857143, 'specificity': 0.42105263157894735}, {'accuracy': 0.3939393939393939, 'f1': 0.5238095238095238, 'sensitivity': 0.7857142857142857, 'specificity': 0.10526315789473684}, {'accuracy': 0.3939393939393939, 'f1': 0.5454545454545454, 'sensitivity': 0.8571428571428571, 'specificity': 0.05263157894736842}, {'accuracy': 0.45454545454545453, 'f1': 0.6086956521739131, 'sensitivity': 1.0, 'specificity': 0.05263157894736842}, {'accuracy': 0.45454545454545453, 'f1': 0.6086956521739131, 'sensitivity': 1.0, 'specificity': 0.05263157894736842}, {'accuracy': 0.45454545454545453, 'f1': 0.6086956521739131, 'sensitivity': 1.0, 'specificity': 0.05263157894736842}, {'accuracy': 0.45454545454545453, 'f1': 0.6086956521739131, 'sensitivity': 1.0, 'specificity': 0.05263157894736842}, {'accuracy': 0.45454545454545453, 'f1': 0.6086956521739131, 'sensitivity': 1.0, 'specificity': 0.05263157894736842}, {'accuracy': 0.45454545454545453, 'f1': 0.6086956521739131, 'sensitivity': 1.0, 'specificity': 0.05263157894736842}, {'accuracy': 0.42424242424242425, 'f1': 0.5957446808510638, 'sensitivity': 1.0, 'specificity': 0.0}, {'accuracy': 0.42424242424242425, 'f1': 0.5957446808510638, 'sensitivity': 1.0, 'specificity': 0.0}, {'accuracy': 0.42424242424242425, 'f1': 0.5957446808510638, 'sensitivity': 1.0, 'specificity': 0.0}, {'accuracy': 0.42424242424242425, 'f1': 0.5957446808510638, 'sensitivity': 1.0, 'specificity': 0.0}, {'accuracy': 0.42424242424242425, 'f1': 0.5957446808510638, 'sensitivity': 1.0, 'specificity': 0.0}, {'accuracy': 0.42424242424242425, 'f1': 0.5957446808510638, 'sensitivity': 1.0, 'specificity': 0.0}, {'accuracy': 0.42424242424242425, 'f1': 0.5957446808510638, 'sensitivity': 1.0, 'specificity': 0.0}, {'accuracy': 0.42424242424242425, 'f1': 0.5957446808510638, 'sensitivity': 1.0, 'specificity': 0.0}, {'accuracy': 0.42424242424242425, 'f1': 0.5957446808510638, 'sensitivity': 1.0, 'specificity': 0.0}, {'accuracy': 0.42424242424242425, 'f1': 0.5957446808510638, 'sensitivity': 1.0, 'specificity': 0.0}, {'accuracy': 0.42424242424242425, 'f1': 0.5957446808510638, 'sensitivity': 1.0, 'specificity': 0.0}, {'accuracy': 0.42424242424242425, 'f1': 0.5957446808510638, 'sensitivity': 1.0, 'specificity': 0.0}]",COMPLETE
11,0.25,2026-08-02 15:44:40.059904,2026-08-02 15:44:44.572951,0 days 00:00:04.513047,0.2,0.015058713056523029,0.0006020724793704315,"{'overall': {'n': 33, 'accuracy': 0.6363636363636364, 'precision': 1.0, 'recall': 0.14285714285714285, 'sensitivity': 0.14285714285714285, 'specificity': 1.0, 'balanced_accuracy': 0.5714285714285714, 'f1': 0.25, 'confusion_matrix': [[19, 0], [12, 2]], 'auc': 0.7406015037593985, 'roc_curve': {'fpr': [0.0, 0.0, 0.0, 0.05263157894736842, 0.05263157894736842, 0.10526315789473684, 0.10526315789473684, 0.15789473684210525, 0.15789473684210525, 0.21052631578947367, 0.21052631578947367, 0.3157894736842105, 0.3157894736842105, 0.42105263157894735, 0.42105263157894735, 0.47368421052631576, 0.47368421052631576, 0.6842105263157895, 0.6842105263157895, 0.8421052631578947, 0.8421052631578947, 1.0], 'tpr': [0.0, 0.07142857142857142, 0.14285714285714285, 0.14285714285714285, 0.2857142857142857, 0.2857142857142857, 0.42857142857142855, 0.42857142857142855, 0.5, 0.5, 0.6428571428571429, 0.6428571428571429, 0.7142857142857143, 0.7142857142857143, 0.7857142857142857, 0.7857142857142857, 0.8571428571428571, 0.8571428571428571, 0.9285714285714286, 0.9285714285714286, 1.0, 1.0]}}, 'India': {'n': 14, 'accuracy': 0.42857142857142855, 'precision': 1.0, 'recall': 0.2, 'sensitivity': 0.2, 'specificity': 1.0, 'balanced_accuracy': 0.6, 'f1': 0.3333333333333333, 'confusion_matrix': [[4, 0], [8, 2]], 'auc': 0.525, 'roc_curve': {'fpr': [0.0, 0.0, 0.0, 0.25, 0.25, 0.5, 0.5, 1.0, 1.0], 'tpr': [0.0, 0.1, 0.4, 0.4, 0.5, 0.5, 0.6, 0.6, 1.0]}}, 'Italy': {'n': 19, 'accuracy': 0.7894736842105263, 'precision': 0.0, 'recall': 0.0, 'sensitivity': 0.0, 'specificity': 1.0, 'balanced_accuracy': 0.5, 'f1': 0.0, 'confusion_matrix': [[15, 0], [4, 0]], 'auc': 0.8, 'roc_curve': {'fpr': [0.0, 0.06666666666666667, 0.06666666666666667, 0.6, 0.6, 1.0], 'tpr': [0.0, 0.0, 0.75, 0.75, 1.0, 1.0]}}}",mobilenet_v3_small_palpebral_v2_clean,"[0.8037023027211625, 0.5943753591041692, 0.5981643223604619, 0.5531443475887475, 0.5503187692718, 0.48398914281895616, 0.500198494519619, 0.4623459145328067, 0.4941470121705769, 0.38198848631208304]","[0.8043658345034628, 0.7841575254093517, 0.7805435476881085, 0.8141296523990054, 0.9115300720388239, 1.1178015000892407, 1.239301211906202, 1.0998950365817908, 1.0974259593270042, 1.0127004132126316]","[{'accuracy': 0.6060606060606061, 'f1': 0.23529411764705882, 'sensitivity': 0.14285714285714285, 'specificity': 0.9473684210526315}, {'accuracy': 0.6363636363636364, 'f1': 0.25, 'sensitivity': 0.14285714285714285, 'specificity': 1.0}, {'accuracy': 0.6060606060606061, 'f1': 0.23529411764705882, 'sensitivity': 0.14285714285714285, 'specificity': 0.9473684210526315}, {'accuracy': 0.6060606060606061, 'f1': 0.23529411764705882, 'sensitivity': 0.14285714285714285, 'specificity': 0.9473684210526315}, {'accuracy': 0.6060606060606061, 'f1': 0.23529411764705882, 'sensitivity': 0.14285714285714285, 'specificity': 0.9473684210526315}, {'accuracy': 0.6060606060606061, 'f1': 0.13333333333333333, 'sensitivity': 0.07142857142857142, 'specificity': 1.0}, {'accuracy': 0.6060606060606061, 'f1': 0.13333333333333333, 'sensitivity': 0.07142857142857142, 'specificity': 1.0}, {'accuracy': 0.5757575757575758, 'f1': 0.125, 'sensitivity': 0.07142857142857142, 'specificity': 0.9473684210526315}, {'accuracy': 0.5757575757575758, 'f1': 0.125, 'sensitivity': 0.07142857142857142, 'specificity': 0.9473684210526315}, {'accuracy': 0.5757575757575758, 'f1': 0.125, 'sensitivity': 0.07142857142857142, 'specificity': 0.9473684210526315}]",COMPLETE
